Country Name,Country Code,precip_mm,agri_land_pct,cereal_yield_kgph,crop_index_2014_2016_100,irrigated_agri_pct,capture_fish_t,aquaculture_t,cereal_production_t,cereal_area_ha,fish_total_t,food_index_2014_2016_100,fertilizer_consump_pct_of_prod
Afghanistan,AFG,327.0,58.741548226852494,2193.4,121.34,5.828308929084123,2000.0,11150.0,4802495.0,2189504.0,13150.0,111.43,248.02281130538324
Albania,ALB,1485.0,41.44525547445255,5200.7,121.68,16.792884818598097,8891.5,8908.0,690850.0,132839.0,17799.5,105.4,
Algeria,DZA,89.0,17.351348174024032,1408.0,118.19,,80790.0,5208.0,4093798.53,2907618.0,85998.0,111.22,14.475641502417256
Andorra,AND,,39.9068085106383,,,,0.0,0.0,,,0.0,,
Angola,AGO,1010.0,36.94714045079009,1033.0,122.45,,539289.4,2336.0,3179113.0,3077676.0,541625.4,124.09,
Antigua and Barbuda,ATG,1030.0,20.454545454545457,2040.8,81.72,,3230.0,20.0,47.45,23.0,3250.0,89.95,
Argentina,ARG,591.0,43.427644344079894,5070.0,107.33,,885797.718,6022.03,91584261.2,18063981.0,891819.748,109.39,464.8637340665669
Armenia,ARM,562.0,58.613420941389414,2185.8,73.65,9.431873184898354,999.999,24000.0,239505.3,109574.0,24999.999,83.87,
Aruba,ABW,,11.11111111111111,,,,172.0,1.5,,,173.5,,
Australia,AUS,534.0,47.25923749548233,2880.6,146.08,0.5350476866408633,203797.213,125280.531,56306582.26,19546611.0,329077.744,112.1,337.1803747224007
Austria,AUT,1110.0,31.476583858458557,6895.5,100.31,,350.0,4718.718,5205750.0,754950.0,5068.718,100.45,
Azerbaijan,AZE,447.0,57.84029038112523,3162.9,144.86,30.735278736533832,56589.65,3348.35,3055969.7,966183.0,59938.0,129.02,31.243620874948324
"Bahamas, The",BHS,1292.0,1.2987012987012987,7515.9,102.18,,9345.212,1.0,615.55,82.0,9346.212,99.17,
Bahrain,BHR,83.0,10.253164556962027,,106.87,,19836.587,56.0,,,19892.587,129.17,0.06161333546061481
Bangladesh,BGD,2666.0,72.37064332872716,5005.3,119.1,88.77691736501538,2027660.999,2731563.0,62549531.82,12496558.0,4759223.999,125.2,665.6406709320422
Barbados,BRB,1422.0,23.25581395348837,2793.8,108.33,,855.577,5.5,51.0,18.0,861.077,102.71,
Belarus,BLR,618.0,39.87388541307453,3386.3,93.16,0.32122559920929084,356.0,7164.4,7748343.68,2288166.0,7520.4,102.53,12.539581390487967
Belgium,BEL,847.0,44.566144159506784,8603.5,95.86,,18710.0,243.0,2779540.0,323070.0,18953.0,100.0,17.891934321776
Belize,BLZ,1705.0,7.97895659798334,4476.2,98.44,,203114.256,730.0,146715.0,32777.0,203844.256,102.28,
Benin,BEN,1039.0,43.06236520042568,1361.5,128.14,,63481.953,3050.0,2297372.9,1687377.0,66531.95300000001,126.25,
Bermuda,BMU,,5.555555555555555,,,,392.0,0.0,,,392.0,,
Bhutan,BTN,2200.0,13.725747246984794,3447.8,68.09,,9.0,95.0,71380.72,20703.0,104.0,77.75,
Bolivia,BOL,1146.0,35.83070146773747,1716.7,111.72,,31667.5,21483.0,2615641.21,1523612.0,53150.5,115.45,21.374342737557733
Bosnia and Herzegovina,BIH,1028.0,21.81640625,6912.7,128.06,,305.0,3959.9,1431169.0,207036.0,4264.9,113.39,265.4565057914715
Botswana,BWA,416.0,45.633723289749966,407.8,138.33,,3694.0,171.0,115448.2,283077.0,3865.0,96.87,
Brazil,BRA,1761.0,28.326732981261383,4907.4,115.91,3.8787610428841504,783105.0,738981.0,135742766.74,27660582.0,1522086.0,113.77,663.0296997000894
British Virgin Islands,VGB,,46.666666666666664,,,,1136.518,1.0,,,1137.518,,
Brunei Darussalam,BRN,2722.0,2.5426944971537004,2400.0,97.29,8.338059701492536,16194.786,5018.305,3600.0,1500.0,21213.091,119.3,
Bulgaria,BGR,608.0,46.26013264554164,5151.2,102.66,0.5471923536439666,5594.378,9005.957,9790690.0,1900660.0,14600.335,100.74,80.27482735019211
Burkina Faso,BFA,748.0,53.349739400584795,1204.1,122.69,,30044.0,894.0,5179059.02,4301063.0,30938.0,118.84,
Burundi,BDI,1274.0,82.80796339563862,1359.9,117.72,,19935.0,540.0,1581834.95,1163170.0,20475.0,119.15,
Cabo Verde,CPV,228.0,19.602977667493796,11.5,66.15,,7758.939,35.0,221.6,19340.0,7793.939,74.78,
Cambodia,KHM,1904.0,34.8115777249037,3654.0,130.37,,527405.003,330600.0,12787000.0,3499434.0,858005.003,123.74,
Cameroon,CMR,1604.0,20.892120539019697,1692.6,108.5,,224638.999,8224.0,3843707.34,2270949.0,232862.999,107.84,
Canada,CAN,537.0,6.494362078578174,4078.7,107.97,,745352.999,167770.0,65040432.0,15946200.0,913122.999,111.63,26.4753457191702
Cayman Islands,CYM,,11.25,,,,125.0,88.0,,,213.0,,
Central Europe and the Baltics,CEB,,45.48594435237445,4524.1033814477405,,,506571.1,142981.8,98296740.0,21727380.0,649552.9,,101.57961968791508
Chad,TCD,322.0,39.9761753494282,845.5,104.38,,107000.0,120.0,2798641.0,3310037.0,107120.0,130.28,
Channel Islands,CHI,,,,,,2290.0,1190.0,,,3480.0,,
Chile,CHL,1522.0,14.31993271045913,6113.9,106.37,8.549162634714296,2691064.159,1524149.0,2588504.75,423377.0,4215213.159,105.36,27.531603758202095
China,CHN,645.0,55.43261175453041,6381.3,111.85,,13182662.554,75434999.0,633134294.88,99216912.0,88617661.554,111.75,88.95960425121908
Colombia,COL,3240.0,37.6412798557909,4397.1,111.63,,578916.5,204941.99,4558570.46,1036711.0,783858.49,110.64,411.6275890637946
Comoros,COM,900.0,71.46695325094036,1755.0,107.76,,18676.631,0.0,19178.59,10928.0,18676.631,106.65,
"Congo, Dem. Rep.",COD,1543.0,15.303625857391765,829.2,123.65,,274385.0,5295.0,4035068.51,4866113.0,279680.0,122.79,
"Congo, Rep.",COG,1646.0,31.189751098096636,877.1,105.92,,64134.185,976.6,30222.69,34458.0,65110.784999999996,106.13,
Costa Rica,CRI,2926.0,33.14399921660792,4061.6,96.09,,33668.683,16772.41,121049.0,29803.0,50441.09299999999,100.36,
Cote d'Ivoire,CIV,1348.0,84.15681257861635,2326.7,133.26,,78618.138,7957.0,3065235.0,1317437.0,86575.138,121.86,
Croatia,HRV,1113.0,25.875625446747673,5823.1,85.16,1.1740331491712708,63675.669,27217.793,3023810.0,519280.0,90893.462,89.5,211.21731978082926
Cuba,CUB,1335.0,61.66666666666667,2088.9,65.76,,14534.5,15542.4,315206.75,150895.0,30076.9,71.39,763.22740203604
Curacao,CUW,,,,,,8851.026,0.0,,,8851.026,,
Cyprus,CYP,498.0,13.316049783549783,2305.7,85.49,20.571715120980684,1325.592,7605.4,57480.0,24930.0,8930.992,108.71,
Czechia,CZE,677.0,45.74762027493747,5929.6,93.98,0.6231547891003429,3381.0,19259.0,8218420.0,1386000.0,22640.0,97.66,290.1852839842769
Denmark,DNK,703.0,65.60000000000001,7241.4,107.01,9.222560975609756,458396.808,37922.2,9464200.0,1306950.0,496319.00800000003,103.83,
Djibouti,DJI,220.0,73.50301984469371,2010.5,139.41,,3070.8,0.0,17.19,9.0,3070.8,133.0,
Dominica,DMA,2083.0,33.33333333333333,1670.8,100.61,,290.0,2.5,192.66,115.0,292.5,100.85,
Dominican Republic,DOM,1410.0,54.69412436444485,4707.8,136.2,11.30437075149598,17985.0,3750.0,1092365.17,232034.0,21735.0,127.89,
Early-demographic dividend,EAR,,39.892602057567984,3741.6683834492305,,,32462115.959999997,36014991.559999995,938156295.49,250730820.0,68318781.57000001,,112.66458251709713
Ecuador,ECU,2274.0,21.53325817361894,4052.0,100.03,23.410620792819746,688924.811,1123048.0,2928381.42,722700.0,1811972.811,98.86,
El Salvador,SLV,1784.0,57.70752895752895,2757.1,105.36,2.0102868612528226,60114.992,12919.0,900080.0,326454.0,73033.992,102.68,
Equatorial Guinea,GNQ,2156.0,3.740463458110517,,104.28,,6610.139,19.0,,,6629.139,103.43,
Eritrea,ERI,384.0,62.651533031518866,639.1,100.58,,1657.752,4.0,305159.83,477471.0,1661.752,106.08,
Estonia,EST,626.0,23.07512286449801,4224.5,118.97,,73938.728,800.819,1528560.0,361830.0,74739.547,105.65,22973.710129555267
Eswatini,SWZ,788.0,69.47674418604652,1597.3,107.49,,65.0,60.0,129168.92,80867.0,125.0,105.96,
Ethiopia,ETH,848.0,34.07795648519963,2822.5,116.51,,101400.0,1070.0,29940144.54,10607482.0,102470.0,116.31,
Faroe Islands,FRO,,70.07299270072993,,99.4,,606542.1,108745.0,,,715287.1,106.62,
Fiji,FJI,2592.0,17.05528188286809,4090.4,125.17,,32626.198,211.0,14699.39,3594.0,32837.198000000004,139.65,
Finland,FIN,536.0,7.4552299622599545,3770.1,98.69,,125969.0,16280.6,3590090.0,952250.0,142249.6,98.15,119.73676354340597
France,FRA,867.0,52.673889229056506,6654.9,94.72,,530976.483,200633.991,59927490.0,9005010.0,731610.474,94.02,7180.740621381126
French Polynesia,PYF,,8.803082685105156,,102.19,,11633.983,1756.989,,,13390.972,102.81,
Gabon,GAB,1831.0,8.35656459812939,1586.8,106.23,,31010.0,87.0,47987.09,30241.0,31097.0,105.76,
"Gambia, The",GMB,836.0,62.64822134387352,805.0,70.82,,53946.5,69.0,107709.19,133802.0,54015.5,71.08,
Georgia,GEO,1026.0,34.30565548999856,2408.5,119.42,,200789.377,2743.2,377758.81,156846.0,203532.57700000002,113.64,29.641522851743353
Germany,DEU,700.0,47.50114495076711,7126.1,91.48,,179732.2,26545.0,43479000.0,6101400.0,206277.2,92.71,39.247653406006805
Ghana,GHA,1187.0,55.393019913594955,2433.8,137.06,,444447.51,92135.0,5136565.41,2110527.0,536582.51,135.5,
Gibraltar,GIB,,,,,,1.0,0.0,,,1.0,,
Greece,GRC,652.0,41.67601706749418,4142.6,94.17,22.25555676386987,65494.798,141997.591,3203370.0,773280.0,207492.389,102.76,73.0352133328093
Greenland,GRL,,0.5923011329029114,,,,399181.0,20.0,,,399201.0,,
Grenada,GRD,2350.0,23.52941176470588,999.1,75.86,,1953.192,26.0,388.4,389.0,1979.192,86.71,
Guam,GUM,,29.629629629629626,,,,36.92,108.0,,,144.92000000000002,,
Guatemala,GTM,1996.0,43.03844718178424,1930.7,100.13,,17654.35,42313.4,2157520.14,1117459.0,59967.75,107.89,
Guinea,GIN,1651.0,71.94891950187204,1369.5,150.02,,377833.0,3950.0,4745053.21,3464843.0,381783.0,144.8,
Guinea-Bissau,GNB,1577.0,29.623911806543386,1558.3,127.5,,63835.0,15.0,301273.0,193338.0,63850.0,122.25,
Guyana,GUY,2387.0,3.410059676044331,5941.9,105.61,,36253.455,953.4,933600.0,157121.0,37206.855,111.69,
Haiti,HTI,1440.0,65.13062409288824,1061.6,72.06,,16710.0,1685.0,340000.0,320260.0,18395.0,77.85,
Heavily indebted poor countries (HIPC),HPC,,41.23430384039407,1528.730194751484,,,5162592.41,647405.2,134992211.46,88304128.0,4974978.109999999,,1283.719399285274
Honduras,HND,1976.0,31.959960675663595,1892.9,102.27,,20193.0,73193.0,751007.99,396745.0,93386.0,107.0,
"Hong Kong SAR, China",HKG,,3.8095238095238098,2049.4,101.49,,77199.998,3361.2,0.06,0.0,80561.198,141.66,
Hungary,HUN,589.0,55.621433267587115,4032.1,62.75,2.622649434240896,4596.812,18557.112,9060660.0,2247110.0,23153.924,74.66,106.24345389180876
IBRD only,IBD,,35.69022196914407,4350.7392377907145,,,56627543.83,116149391.97,1917456071.74,440718929.0,172776935.80000007,,98.37859805901998
IDA blend,IDB,,46.080079534998184,2371.4759640490925,,,2501178.52,614746.54,99238013.49000002,41846287.0,3115925.06,,91.11741043756247
IDA only,IDX,,41.06171795872304,2159.25994526855,,,10354015.57,5074115.97,253720973.02000007,117503921.0,14434786.090000002,,1327.7796006131503
IDA total,IDA,,42.03462954297926,2214.989100186803,,,12855194.089999998,5688862.509999999,352958986.51,159350208.0,17550711.150000002,,174.89626051331328
Iceland,ISL,1940.0,18.56590300505802,2966.7,117.58,0.002670940170940171,1663024.542,51362.0,8900.0,3000.0,1714386.542,102.07,
India,IND,1083.0,60.055585650429336,3589.1,123.29,43.69854575695885,5539024.996,10235300.0,362466730.0,100990760.0,15774324.996,127.82,143.8432952721559
Indonesia,IDN,2702.0,29.007383017418242,5833.8,111.41,,7428664.921,14776056.934,77105730.08,13217038.0,22204721.855,117.14,121.85481038584672
"Iran, Islamic Rep.",IRN,228.0,29.00893682588598,2317.6,77.41,16.93755709945397,803802.294,548055.0,20162028.86,8699356.0,1351857.294,83.89,58.69346227460461
Iraq,IRQ,216.0,21.778499527791215,2978.6,104.22,,44550.0,23000.0,3724302.96,1250350.0,67550.0,106.36,231.13821984725487
Ireland,IRL,1118.0,63.11511104659602,8701.5,99.43,,203538.766,44014.0,2485680.0,285660.0,247552.766,121.51,
Isle of Man,IMN,,71.40350877192982,,,,3041.0,0.0,,,3041.0,,
Israel,ISR,,24.704251386321626,1844.4,99.92,36.04564160119716,2100.0,13840.0,241004.19,130670.0,15940.0,105.48,2.3174532060784405
Italy,ITA,832.0,43.963147572027594,4750.0,93.95,,143770.194,130496.845,14300570.0,3010620.0,274267.039,96.97,125.60020417913607
Jamaica,JAM,2051.0,38.504155124653735,1162.4,111.66,,12529.49,963.2,2426.0,2087.0,13492.69,113.26,
Japan,JPN,1668.0,12.716049382716049,6319.9,94.6,,2979680.5,943494.827,11718541.06,1854215.0,3923175.327,100.27,122.204177213785
Jordan,JOR,111.0,11.74628916368223,1434.7,98.36,8.389261744966444,675.0,2582.0,50899.5,35477.0,3257.0,110.25,2.1264125287194635
Kazakhstan,KAZ,250.0,79.36648516501833,1377.2,129.35,0.8304642320259379,42691.9,13297.232,22040639.83,16004351.0,55989.132,127.76,84.74361258849032
Kenya,KEN,630.0,49.48304535750555,1477.4,116.97,,150546.459,28938.0,3846912.71,2603863.0,179484.459,112.38,
Kiribati,KIR,,41.9753086419753,,95.75,,203294.048,2.0,,,203296.048,97.32,
"Korea, Dem. People's Rep.",PRK,1054.0,21.553027157212856,3631.4,92.58,,214320.0,680700.0,4592603.0,1264709.0,895020.0,92.69,
"Korea, Rep.",KOR,1274.0,16.229508196721312,6612.2,93.62,,1260023.678,2313068.64,5219697.61,789402.0,3573092.318,101.21,56.34019313774738
Kuwait,KWT,121.0,8.417508417508419,14492.4,109.27,,1886.0,464.0,27028.69,1865.0,2350.0,130.87,
Kyrgyz Republic,KGZ,533.0,55.252606882168934,3249.4,106.82,9.474920853601573,31.0,20698.3,1912650.7,588623.0,20729.3,112.75,
Lao PDR,LAO,1834.0,9.791161178509531,4454.2,113.65,19.514558810514202,72420.0,137788.0,4057610.0,910959.0,210208.0,114.84,10.224200235927599
Late-demographic dividend,LTE,,34.21271521218528,4780.109873589757,,,33539617.89,85309840.77,1140824468.4699998,238660959.0,118849458.65999994,,89.1143991786301
Latvia,LVA,667.0,31.656757191065406,4186.0,105.2,,61508.0,869.91,3243700.0,774900.0,62377.91,103.93,
Lebanon,LBN,661.0,66.12756598240469,2414.5,97.9,,2620.0,938.0,133552.0,55313.0,3558.0,104.14,38.5593607305936
Lesotho,LSO,788.0,74.94729907773386,728.9,107.64,,79.0,1832.26,82443.77,113112.0,1911.26,98.67,
Liberia,LBR,2391.0,19.96511627906977,1120.6,115.6,,29338.0,1375.0,288000.0,257000.0,30713.0,102.67,
Libya,LBY,56.0,8.723871011741705,671.9,98.35,,32585.0,10.0,209829.86,312272.0,32595.0,105.75,187.14
Liechtenstein,LIE,,32.3125,,,,0.0,0.0,,,0.0,,
Lithuania,LTU,656.0,46.503418311928954,4210.2,105.08,,106936.012,4859.01,5623660.0,1335720.0,111795.022,99.53,41.6712820809743
Luxembourg,LUX,934.0,51.47114346309517,6154.3,96.39,,0.0,0.0,170660.0,27730.0,0.0,114.89,
"Macao SAR, China",MAC,,,,103.18,,1500.0,0.0,,,1500.0,81.34,
Madagascar,MDG,1513.0,70.29047782743211,2975.8,108.17,,127549.669,25187.6,5144234.73,1728661.0,152737.269,105.91,
Malawi,MWI,1181.0,64.17055579126007,1944.2,135.51,,186865.36,7148.0,4022468.0,2068915.0,194013.36,146.13,
Malaysia,MYS,2875.0,26.08735352305585,3576.5,97.93,5.156924512892312,1326267.549,574182.27,2282576.1,638208.0,1900449.8190000001,102.8,148.6244414655943
Maldives,MDV,1972.0,19.666666666666664,2441.8,93.7,,155205.444,6.0,205.01,84.0,155211.444,94.49,
Mali,MLI,282.0,35.46612584925299,1671.0,133.12,,110365.91,8830.0,10289007.59,6157560.0,119195.91,136.03,
Malta,MLT,560.0,27.34375,,53.79,44.46857142857143,2809.271,18050.539,0.0,0.0,20859.81,75.95,
Marshall Islands,MHL,,38.88888888888889,,90.84,,91636.299,25.84,,,91662.139,90.84,
Mauritania,MRT,92.0,38.52721451440768,1522.2,145.03,,780382.798,0.0,552408.65,362903.0,780382.798,116.51,
Mauritius,MUS,2041.0,43.064596895343016,9247.2,67.76,16.627906976744185,33660.613,1545.3,823.0,89.0,35205.913,84.4,
Mexico,MEX,758.0,50.87012268834074,3950.2,115.12,6.312129334943557,1683375.783,289618.536,36330006.75,9196992.0,1972994.3190000001,117.03,372.00045743881606
"Micronesia, Fed. Sts.",FSM,,7.142857142857142,1711.5,125.71,,178235.339,0.5,290.32,170.0,178235.839,121.63,
Moldova,MDA,450.0,74.96958637469587,2127.9,93.04,8.72210953346856,0.0,12910.0,1758059.0,826184.0,12910.0,89.67,
Monaco,MCO,,,,,,1.0,0.0,,,1.0,,
Mongolia,MNG,241.0,71.90965066034889,1113.2,122.9,0.07142857142857142,0.0,0.0,428648.86,385063.0,0.0,157.87,
Montenegro,MNE,,18.88475836431227,3216.6,89.55,,809.0,1087.0,6605.9,2054.0,1896.0,100.56,
Morocco,MAR,346.0,65.80912189110464,943.3,106.83,,1573512.839,2385.93,3511452.59,3722474.0,1575898.7689999999,106.07,5.66780991093986
Mozambique,MOZ,1032.0,52.772618835677406,1162.8,157.47,,443945.275,5547.0,2832309.0,2435693.0,449492.275,161.67,
Myanmar,MMR,2091.0,19.887538878759557,3799.2,94.24,,1714230.0,1197078.002,30712269.85,8083825.0,2911308.0020000003,76.96,
Namibia,NAM,285.0,47.14256215914198,487.8,116.27,,382309.529,340.0,168181.0,344772.0,382649.529,100.53,
Nauru,NRU,,20.0,,102.69,,106750.0,0.5,,,106750.5,99.71,
Nepal,NPL,1500.0,26.12138123474015,3218.5,116.66,32.287354787020966,21000.0,87385.0,11128373.0,3457671.0,108385.0,123.18,
Netherlands,NLD,778.0,53.57885357885358,8885.1,100.37,,299702.694,38477.0,1647300.0,185400.0,338179.694,101.0,14.642891829549592
New Caledonia,NCL,,10.067286652078774,9968.0,94.33,,3709.381,1479.0,4247.0,426.0,5188.380999999999,94.76,
New Zealand,NZL,1732.0,37.017204056055604,8385.0,108.2,,346825.083,106152.0,969775.44,115655.0,452977.083,100.57,305.15948124780937
Nicaragua,NIC,2280.0,42.305135449559586,2358.9,130.79,,53732.32,31568.5,949096.63,402346.0,85300.82,127.92,
Niger,NER,151.0,36.78779505802479,557.4,137.93,0.6182136564869278,47670.0,500.0,5923855.12,10627065.0,48170.0,132.61,
Nigeria,NGA,1150.0,75.9658687703811,1659.7,120.89,,784124.0,259106.0,30317107.11,18267129.0,1043230.0,119.85,21.122344803557787
North Macedonia,MKD,619.0,49.84139571768438,3472.1,102.74,,447.0,1814.2,542163.65,156150.0,2261.2,100.68,
Northern Mariana Islands,MNP,,1.1739130434782608,,,,162.419,41.0,,,203.419,,
Norway,NOR,1414.0,2.704038213413128,4728.0,101.79,,2616115.399,1661740.372,1325000.0,280246.0,4277855.771,102.72,18.138852965446382
Oman,OMN,125.0,4.737382875605816,35157.2,161.69,7.3044972787167,748357.443,3471.0,236293.0,6721.0,751828.443,170.06,3.029802998930094
Pakistan,PAK,494.0,46.63112287256123,3463.0,104.13,54.02397974796228,500045.256,166200.0,48519329.0,14010820.0,666245.256,122.43,107.06166661242831
Palau,PLW,,9.347826086956522,,,,813.06,10.0,,,823.06,,
Panama,PAN,2928.0,29.405715826368294,3621.3,130.95,1.8084495781445695,190243.947,11847.21,573009.0,158231.0,202091.15699999998,115.45,
Papua New Guinea,PNG,3142.0,3.1025040851477277,4825.9,99.03,,244612.051,2462.0,18799.35,3896.0,247074.051,100.55,
Paraguay,PRY,1130.0,54.1069405157129,3505.3,74.78,0.4831847668829047,17905.0,20000.0,6683286.48,1906644.0,37905.0,85.44,
Peru,PER,1738.0,19.05121875,4638.7,130.74,,5368101.711,140930.627,5628306.27,1213332.0,5509032.338,128.07,
Philippines,PHL,2348.0,42.39259482845357,3821.5,103.98,,1771247.273,2349252.015,28012590.81,7330167.0,4120499.288,100.51,198.6037601509637
Poland,POL,600.0,46.313175863308174,4861.5,110.01,,172523.358,42201.499,34987760.0,7196910.0,214724.85700000002,111.71,74.69845806393587
Portugal,PRT,854.0,42.78949649366414,5137.4,113.88,14.811260645588407,159890.59,18896.0,1018080.0,198170.0,178786.59,110.34,101.51774873283826
Post-demographic dividend,PST,,33.78371470306315,5871.242283793284,,,14312739.57,4527564.15,845048898.69,143930242.0,18838803.720000003,,72.21862207057951
Pre-demographic dividend,PRE,,43.25502224647829,1366.040740374513,,,5880366.220000001,708578.3,133810467.41,97955614.0,5759628.390000001,,170.00593130795835
Puerto Rico (US),PRI,2054.0,19.041713641488162,3308.0,107.53,,2150.347,11.0,3566.0,1078.0,2161.347,95.25,
Qatar,QAT,74.0,6.440382941688425,11242.0,153.35,17.56756756756757,18439.0,97.845,1193.9,106.0,18536.845,145.71,0.19474253068787153
Romania,ROU,637.0,55.10257301808067,3634.1,85.41,4.164694746805489,6256.436,11210.78,18860480.0,5189930.0,17467.216,85.18,455.99921985577794
Russian Federation,RUS,460.0,13.158436257966265,3428.8,133.67,,4997077.0,348187.0,153095542.78,44650228.0,5345264.0,126.44,14.56473618767532
Rwanda,RWA,1212.0,80.03677746250507,1510.7,123.19,,32735.0,6202.0,807219.18,534338.0,38937.0,117.31,
Samoa,WSM,2880.0,17.77338129496403,,84.07,,9589.25,10.0,,,9599.25,83.05,
San Marino,SMR,,38.333333333333336,,,,0.0,0.0,,,0.0,,
Sao Tome and Principe,STP,3200.0,44.79166666666667,2004.3,107.39,,5703.38,0.0,780.65,389.0,5703.38,107.25,
Senegal,SEN,686.0,49.400093491923336,1931.9,189.93,,505896.212,1739.1,3663690.0,1896411.0,507635.312,177.49,438.17245640787155
Serbia,SRB,,41.253418955880605,4637.8,94.58,1.5854713173825312,2379.0,5776.47,8036910.36,1732899.0,8155.47,98.37,212.85938810742607
Seychelles,SYC,2330.0,3.369565217391304,,101.78,,137842.167,0.0,,,137842.167,149.83,
Sierra Leone,SLE,2526.0,54.710446106954834,1963.1,105.75,,215140.0,160.0,1528291.53,778513.0,215300.0,104.72,
Singapore,SGP,2497.0,0.9192200557103064,,90.86,,2005.405,4745.21,,,6750.615,131.01,
Sint Maarten (Dutch part),SXM,,,,,,253.0,0.0,,,253.0,,
Slovak Republic,SVK,824.0,38.4567387687188,4754.5,85.0,1.400757166035695,1895.0,2614.0,3382800.0,711490.0,4509.0,86.15,64.13466796239558
Slovenia,SVN,1162.0,30.329155161796546,5564.5,81.75,0.8121561435682474,286.268,1643.7,576200.0,103550.0,1929.968,94.0,
Solomon Islands,SLB,3028.0,3.8335119685602,1899.1,108.0,,47895.082,11879.3,2747.77,1447.0,59774.382,100.49,
"Somalia, Fed. Rep.",SOM,282.0,70.34303567443492,396.0,101.37,,30000.0,0.0,140056.33,353638.0,30000.0,98.94,
South Sudan,SSD,900.0,44.708591141423895,1055.7,117.91,,46000.0,47.0,1063299.0,1007211.0,46047.0,114.76,
Spain,ESP,636.0,53.3572810066811,3307.4,87.04,14.256450160584205,809104.94,273065.807,19292230.0,5832980.0,1082170.747,98.83,84.79795044108108
Sri Lanka,LKA,1712.0,45.457484642741676,3033.2,95.73,,332337.722,59080.29,3663231.0,1207727.0,391418.012,99.24,1461.3960285466374
St. Kitts and Nevis,KNA,1427.0,23.076923076923077,,108.37,,670.0,4.0,,,674.0,115.11,
St. Lucia,LCA,2301.0,16.295081967213115,,77.63,,1853.988,209.43,,,2063.418,90.59,
St. Martin (French part),MAF,,,,,,180.0,0.0,,,180.0,,
St. Vincent and the Grenadines,VCT,1583.0,17.94871794871795,14222.2,102.52,,1251.0,13.0,640.0,45.0,1264.0,101.11,
Sudan,SDN,250.0,60.31316916488223,678.1,126.22,,44250.0,6500.0,7680124.14,11326242.0,50750.0,116.41,
Suriname,SUR,2331.0,0.4485768618696646,3763.2,80.24,,33695.0,45.0,184264.0,48965.0,33740.0,87.89,
Sweden,SWE,624.0,7.3536633274405805,6107.4,103.06,,152028.063,11327.2,5823200.0,953470.0,163355.263,101.15,
Switzerland,CHE,1537.0,37.87129365676166,6081.1,97.36,,1485.92,2500.0,865060.0,142254.0,3985.92,97.39,
Tajikistan,TJK,691.0,28.07262771093018,3561.5,131.33,14.58151532262204,2507.001,2248.0,1342602.5,376977.0,4755.001,150.12,
Tanzania,TZA,1071.0,44.616391962068185,1815.4,100.37,,472925.761,75896.046,11933596.69,6573550.0,548821.807,109.9,1798.7293859660629
Thailand,THA,1622.0,45.998160073597056,3105.6,106.6,,1428695.33,1001024.0,38829805.16,12503333.0,2429719.33,104.2,368.2853322406603
Timor-Leste,TLS,1500.0,22.958977807666443,1943.8,107.66,,6698.99,1125.0,172500.0,88745.0,7823.99,101.69,
Togo,TGO,1168.0,70.23349880492738,1167.8,119.81,,21505.22,1151.0,1439850.0,1233007.0,22656.22,128.24,
Tonga,TON,,48.61111111111111,,97.18,,1326.038,100.0,,,1426.038,97.78,
Trinidad and Tobago,TTO,2200.0,10.526315789473683,1639.3,98.55,,13069.012,7.4,5125.0,3126.0,13076.412,93.08,0.7348438456827924
Tunisia,TUN,207.0,62.4388516992791,1640.7,111.48,,112352.858,20926.057,1713873.84,1044569.0,133278.91499999998,109.55,41.88917206674667
Turkiye,TUR,593.0,50.02533685017476,3464.7,125.29,12.126957741357367,335002.9,514823.0,38667033.0,11160186.0,849825.9,128.92,133.83287376307925
Turkmenistan,TKM,161.0,84.55365692762751,1892.4,121.16,4.142264995230821,15097.0,175.0,1556079.24,822262.0,15272.0,112.03,67.6729019217514
Turks and Caicos Islands,TCA,,1.0526315789473684,,,,3241.0,0.0,,,3241.0,,
Tuvalu,TUV,,60.0,,112.68,,42781.0,0.0,,,42781.0,110.82,
Uganda,UGA,1180.0,71.8880909634949,1963.9,148.35,,444935.0,101422.0,5525000.0,2813238.0,546357.0,135.53,
Ukraine,UKR,565.0,71.29962029685882,4614.1,90.06,0.24206627774684708,23186.41,14630.0,53535589.87,11602583.0,37816.41,87.83,
United Kingdom,GBR,1220.0,71.98164179721408,7720.1,94.33,,621770.674,201355.112,24362311.0,3155713.0,823125.786,101.24,215.65840918181638
United States,USA,715.0,46.08297939746945,8065.5,92.96,,4698894.5,479039.932,408901709.98,50697492.0,5177934.432,100.86,100.79115654112745
Uruguay,URY,1300.0,80.87352873957262,5299.0,79.71,,68781.641,73.6,4597694.14,867659.0,68855.24100000001,97.82,
Uzbekistan,UZB,206.0,58.47925346985831,5007.8,107.7,14.476696806240055,55000.0,130274.0,7516778.12,1501020.0,185274.0,114.43,68.63994769720418
Vanuatu,VUT,2000.0,15.340442986054143,629.3,84.55,,84915.341,4.0,986.0,1567.0,84919.341,82.96,
"Venezuela, RB",VEN,2044.0,24.375035428830564,3526.9,93.94,,211939.571,67531.0,1761232.21,499370.0,279470.571,89.88,67.91786447638603
Viet Nam,VNM,1821.0,39.29119513510237,5903.9,109.55,,3463209.48,5113494.28,47085607.1,7975285.0,8576703.76,113.65,115.87191220940412
Virgin Islands (U.S.),VIR,,9.428571428571429,,,,420.0,8.0,,,428.0,,
West Bank and Gaza,PSE,,64.92946058091287,2528.7,116.75,,4195.0,731.0,48036.29,18996.0,4926.0,111.76,
"Yemen, Rep.",YEM,167.0,44.41919048430782,819.5,118.58,,150470.0,10.0,445000.0,543000.0,150480.0,118.29,
Zambia,ZMB,1020.0,32.067958944833805,2457.4,123.04,,117694.5,75648.0,3056715.38,1243883.0,193342.5,119.91,
Zimbabwe,ZWE,657.0,41.79771074059713,956.9,123.48,,102365.5,8353.01,1461356.18,1527176.0,110718.51,121.68,253.2597137014315
